time_id, year_id
STRING,INTEGER
2003-01-06,2003
2003-01-06,2003
2003-01-06,2003
2003-01-06,2003
2003-01-09,2003
2003-01-09,2003
2003-01-09,2003
2003-01-09,2003
2003-01-10,2003
2003-01-10,2003
2003-01-29,2003
2003-01-29,2003
2003-01-29,2003
2003-01-29,2003
2003-01-29,2003
2003-01-29,2003
2003-01-29,2003
2003-01-29,2003
2003-01-29,2003
2003-01-29,2003
2003-01-29,2003
2003-01-29,2003
2003-01-29,2003
2003-01-29,2003
2003-01-29,2003
2003-01-29,2003
2003-01-31,2003
2003-01-31,2003
2003-01-31,2003
2003-01-31,2003
2003-01-31,2003
2003-01-31,2003
2003-01-31,2003
2003-01-31,2003
2003-01-31,2003
2003-01-31,2003
2003-01-31,2003
2003-01-31,2003
2003-01-31,2003
2003-02-11,2003
2003-02-11,2003
2003-02-11,2003
2003-02-11,2003
2003-02-11,2003
2003-02-11,2003
2003-02-11,2003
2003-02-11,2003
2003-02-11,2003
2003-02-11,2003
2003-02-11,2003
2003-02-11,2003
2003-02-11,2003
2003-02-11,2003
2003-02-11,2003
2003-02-17,2003
2003-02-17,2003
2003-02-17,2003
2003-02-17,2003
2003-02-17,2003
2003-02-17,2003
2003-02-17,2003
2003-02-17,2003
2003-02-17,2003
2003-02-17,2003
2003-02-17,2003
2003-02-17,2003
2003-02-17,2003
2003-02-17,2003
2003-02-17,2003
2003-02-17,2003
2003-02-17,2003
2003-02-17,2003
2003-02-24,2003
2003-02-24,2003
2003-02-24,2003
2003-02-24,2003
2003-02-24,2003
2003-02-24,2003
2003-02-24,2003
2003-02-24,2003
2003-03-03,2003
2003-03-03,2003
2003-03-03,2003
2003-03-03,2003
2003-03-03,2003
2003-03-03,2003
2003-03-03,2003
2003-03-03,2003
2003-03-03,2003
2003-03-03,2003
2003-03-03,2003
2003-03-03,2003
2003-03-03,2003
2003-03-03,2003
2003-03-03,2003
2003-03-03,2003
2003-03-10,2003
2003-03-10,2003
2003-03-10,2003
2003-03-10,2003
2003-03-10,2003
2003-03-10,2003
2003-03-18,2003
2003-03-18,2003
2003-03-18,2003
2003-03-18,2003
2003-03-18,2003
2003-03-18,2003
2003-03-18,2003
2003-03-18,2003
2003-03-18,2003
2003-03-18,2003
2003-03-18,2003
2003-03-18,2003
2003-03-18,2003
2003-03-18,2003
2003-03-18,2003
2003-03-18,2003
2003-03-25,2003
2003-03-25,2003
2003-03-25,2003
2003-03-25,2003
2003-03-25,2003
2003-03-25,2003
2003-03-24,2003
2003-03-24,2003
2003-03-26,2003
2003-03-26,2003
2003-03-26,2003
2003-03-26,2003
2003-04-01,2003
2003-04-01,2003
2003-04-01,2003
2003-04-01,2003
2003-04-01,2003
2003-04-01,2003
2003-04-01,2003
2003-04-01,2003
2003-04-01,2003
2003-04-01,2003
2003-04-04,2003
2003-04-04,2003
2003-04-04,2003
2003-04-04,2003
2003-04-04,2003
2003-04-11,2003
2003-04-16,2003
2003-04-16,2003
2003-04-16,2003
2003-04-16,2003
2003-04-16,2003
2003-04-16,2003
2003-04-16,2003
2003-04-16,2003
2003-04-16,2003
2003-04-16,2003
2003-04-16,2003
2003-04-16,2003
2003-04-21,2003
2003-04-28,2003
2003-04-28,2003
2003-04-28,2003
2003-04-28,2003
2003-04-28,2003
2003-04-28,2003
2003-04-28,2003
2003-04-28,2003
2003-04-28,2003
2003-04-28,2003
2003-04-28,2003
2003-04-28,2003
2003-04-28,2003
2003-04-28,2003
2003-04-29,2003
2003-04-29,2003
2003-04-29,2003
2003-04-29,2003
2003-04-29,2003
2003-04-29,2003
2003-04-29,2003
2003-04-29,2003
2003-04-29,2003
2003-04-29,2003
2003-04-29,2003
2003-04-29,2003
2003-04-29,2003
2003-04-29,2003
2003-04-29,2003
2003-05-07,2003
2003-05-07,2003
2003-05-07,2003
2003-05-07,2003
2003-05-07,2003
2003-05-08,2003
2003-05-08,2003
2003-05-08,2003
2003-05-08,2003
2003-05-08,2003
2003-05-08,2003
2003-05-08,2003
2003-05-08,2003
2003-05-08,2003
2003-05-08,2003
2003-05-08,2003
2003-05-08,2003
2003-05-08,2003
2003-05-08,2003
2003-05-08,2003
2003-05-08,2003
2003-05-08,2003
2003-05-20,2003
2003-05-20,2003
2003-05-20,2003
2003-05-20,2003
2003-05-21,2003
2003-05-21,2003
2003-05-21,2003
2003-05-21,2003
2003-05-21,2003
2003-05-21,2003
2003-05-21,2003
2003-05-21,2003
2003-05-21,2003
2003-05-21,2003
2003-05-21,2003
2003-05-21,2003
2003-05-21,2003
2003-05-21,2003
2003-05-21,2003
2003-05-28,2003
2003-05-28,2003
2003-05-28,2003
2003-05-28,2003
2003-05-28,2003
2003-05-28,2003
2003-05-28,2003
2003-05-28,2003
2003-05-28,2003
2003-05-28,2003
2003-05-28,2003
2003-05-28,2003
2003-05-28,2003
2003-05-28,2003
2003-05-28,2003
2003-05-28,2003
2003-05-28,2003
2003-06-03,2003
2003-06-03,2003
2003-06-03,2003
2003-06-03,2003
2003-06-03,2003
2003-06-03,2003
2003-06-03,2003
2003-06-03,2003
2003-06-03,2003
2003-06-03,2003
2003-06-03,2003
2003-06-03,2003
2003-06-03,2003
2003-06-03,2003
2003-06-03,2003
2003-06-06,2003
2003-06-06,2003
2003-06-06,2003
2003-06-06,2003
2003-06-12,2003
2003-06-12,2003
2003-06-12,2003
2003-06-12,2003
2003-06-12,2003
2003-06-12,2003
2003-06-12,2003
2003-06-12,2003
2003-06-12,2003
2003-06-16,2003
2003-06-16,2003
2003-06-16,2003
2003-06-16,2003
2003-06-16,2003
2003-06-16,2003
2003-06-16,2003
2003-06-16,2003
2003-06-16,2003
2003-06-16,2003
2003-06-25,2003
2003-06-27,2003
2003-06-27,2003
2003-06-27,2003
2003-06-27,2003
2003-06-27,2003
2003-06-27,2003
2003-06-27,2003
2003-06-27,2003
2003-07-01,2003
2003-07-01,2003
2003-07-01,2003
2003-07-01,2003
2003-07-01,2003
2003-07-01,2003
2003-07-01,2003
2003-07-02,2003
2003-07-02,2003
2003-07-02,2003
2003-07-02,2003
2003-07-02,2003
2003-07-02,2003
2003-07-02,2003
2003-07-02,2003
2003-07-02,2003
2003-07-02,2003
2003-07-02,2003
2003-07-02,2003
2003-07-02,2003
2003-07-02,2003
2003-07-02,2003
2003-07-02,2003
2003-07-02,2003
2003-07-04,2003
2003-07-04,2003
2003-07-04,2003
2003-07-10,2003
2003-07-10,2003
2003-07-10,2003
2003-07-10,2003
2003-07-07,2003
2003-07-07,2003
2003-07-07,2003
2003-07-07,2003
2003-07-07,2003
2003-07-07,2003
2003-07-07,2003
2003-07-07,2003
2003-07-07,2003
2003-07-07,2003
2003-07-07,2003
2003-07-07,2003
2003-07-07,2003
2003-07-16,2003
2003-07-16,2003
2003-07-16,2003
2003-07-16,2003
2003-07-16,2003
2003-07-16,2003
2003-07-16,2003
2003-07-16,2003
2003-07-24,2003
2003-07-24,2003
2003-07-24,2003
2003-07-24,2003
2003-07-24,2003
2003-07-24,2003
2003-07-24,2003
2003-07-24,2003
2003-07-24,2003
2003-07-24,2003
2003-07-24,2003
2003-08-01,2003
2003-08-01,2003
2003-08-01,2003
2003-08-01,2003
2003-08-01,2003
2003-08-01,2003
2003-08-01,2003
2003-08-01,2003
2003-08-01,2003
2003-08-08,2003
2003-08-08,2003
2003-08-08,2003
2003-08-08,2003
2003-08-08,2003
2003-08-08,2003
2003-08-08,2003
2003-08-08,2003
2003-08-08,2003
2003-08-08,2003
2003-08-08,2003
2003-08-08,2003
2003-08-08,2003
2003-08-08,2003
2003-08-08,2003
2003-08-08,2003
2003-08-10,2003
2003-08-10,2003
2003-08-10,2003
2003-08-10,2003
2003-08-10,2003
2003-08-10,2003
2003-08-10,2003
2003-08-10,2003
2003-08-10,2003
2003-08-10,2003
2003-08-10,2003
2003-08-10,2003
2003-08-10,2003
2003-08-10,2003
2003-08-10,2003
2003-08-10,2003
2003-08-13,2003
2003-08-25,2003
2003-08-25,2003
2003-08-25,2003
2003-08-25,2003
2003-08-25,2003
2003-08-25,2003
2003-08-25,2003
2003-08-25,2003
2003-08-25,2003
2003-08-25,2003
2003-08-25,2003
2003-08-25,2003
2003-08-25,2003
2003-08-25,2003
2003-08-25,2003
2003-08-25,2003
2003-09-03,2003
2003-09-03,2003
2003-09-05,2003
2003-09-05,2003
2003-09-05,2003
2003-09-05,2003
2003-09-05,2003
2003-09-05,2003
2003-09-05,2003
2003-09-05,2003
2003-09-05,2003
2003-09-05,2003
2003-09-05,2003
2003-09-11,2003
2003-09-11,2003
2003-09-11,2003
2003-09-11,2003
2003-09-11,2003
2003-09-11,2003
2003-09-11,2003
2003-09-11,2003
2003-09-11,2003
2003-09-11,2003
2003-09-11,2003
2003-09-11,2003
2003-09-11,2003
2003-09-11,2003
2003-09-12,2003
2003-09-12,2003
2003-09-12,2003
2003-09-12,2003
2003-09-12,2003
2003-09-12,2003
2003-09-12,2003
2003-09-12,2003
2003-09-12,2003
2003-09-12,2003
2003-09-12,2003
2003-09-19,2003
2003-09-19,2003
2003-09-19,2003
2003-09-19,2003
2003-09-19,2003
2003-09-19,2003
2003-09-19,2003
2003-09-19,2003
2003-09-19,2003
2003-09-19,2003
2003-09-19,2003
2003-09-21,2003
2003-09-21,2003
2003-09-21,2003
2003-09-21,2003
2003-09-21,2003
2003-09-21,2003
2003-09-21,2003
2003-09-21,2003
2003-09-21,2003
2003-09-21,2003
2003-09-25,2003
2003-09-25,2003
2003-09-25,2003
2003-09-25,2003
2003-09-28,2003
2003-09-28,2003
2003-09-28,2003
2003-09-28,2003
2003-09-28,2003
2003-09-28,2003
2003-09-28,2003
2003-09-28,2003
2003-09-28,2003
2003-09-28,2003
2003-09-28,2003
2003-09-28,2003
2003-09-28,2003
2003-10-02,2003
2003-10-02,2003
2003-10-06,2003
2003-10-06,2003
2003-10-06,2003
2003-10-06,2003
2003-10-06,2003
2003-10-06,2003
2003-10-06,2003
2003-10-06,2003
2003-10-06,2003
2003-10-06,2003
2003-10-06,2003
2003-10-06,2003
2003-10-06,2003
2003-10-08,2003
2003-10-08,2003
2003-10-09,2003
2003-10-09,2003
2003-10-09,2003
2003-10-09,2003
2003-10-09,2003
2003-10-09,2003
2003-10-10,2003
2003-10-10,2003
2003-10-10,2003
2003-10-10,2003
2003-10-10,2003
2003-10-10,2003
2003-10-10,2003
2003-10-10,2003
2003-10-10,2003
2003-10-10,2003
2003-10-10,2003
2003-10-10,2003
2003-10-10,2003
2003-10-10,2003
2003-10-10,2003
2003-10-10,2003
2003-10-10,2003
2003-10-10,2003
2003-10-10,2003
2003-10-11,2003
2003-10-11,2003
2003-10-11,2003
2003-10-11,2003
2003-10-11,2003
2003-10-11,2003
2003-10-17,2003
2003-10-17,2003
2003-10-17,2003
2003-10-17,2003
2003-10-17,2003
2003-10-17,2003
2003-10-17,2003
2003-10-17,2003
2003-10-17,2003
2003-10-17,2003
2003-10-17,2003
2003-10-17,2003
2003-10-18,2003
2003-10-18,2003
2003-10-18,2003
2003-10-18,2003
2003-10-18,2003
2003-10-18,2003
2003-10-18,2003
2003-10-18,2003
2003-10-18,2003
2003-10-18,2003
2003-10-20,2003
2003-10-20,2003
2003-10-20,2003
2003-10-20,2003
2003-10-20,2003
2003-10-20,2003
2003-10-21,2003
2003-10-21,2003
2003-10-21,2003
2003-10-21,2003
2003-10-21,2003
2003-10-21,2003
2003-10-21,2003
2003-10-21,2003
2003-10-22,2003
2003-10-22,2003
2003-10-22,2003
2003-10-22,2003
2003-10-22,2003
2003-10-22,2003
2003-10-22,2003
2003-10-22,2003
2003-10-22,2003
2003-10-22,2003
2003-10-22,2003
2003-10-22,2003
2003-10-22,2003
2003-10-22,2003
2003-10-22,2003
2003-10-22,2003
2003-10-22,2003
2003-10-22,2003
2003-10-21,2003
2003-10-21,2003
2003-10-21,2003
2003-10-23,2003
2003-10-23,2003
2003-10-23,2003
2003-10-23,2003
2003-10-23,2003
2003-10-23,2003
2003-10-23,2003
2003-10-23,2003
2003-10-23,2003
2003-10-23,2003
2003-10-23,2003
2003-10-23,2003
2003-10-23,2003
2003-10-23,2003
2003-10-23,2003
2003-10-23,2003
2003-10-28,2003
2003-10-28,2003
2003-10-28,2003
2003-10-28,2003
2003-10-28,2003
2003-10-28,2003
2003-10-28,2003
2003-10-28,2003
2003-10-28,2003
2003-10-28,2003
2003-10-28,2003
2003-10-28,2003
2003-10-28,2003
2003-10-28,2003
2003-10-28,2003
2003-10-28,2003
2003-10-28,2003
2003-10-28,2003
2003-11-04,2003
2003-11-04,2003
2003-11-04,2003
2003-11-04,2003
2003-11-04,2003
2003-11-04,2003
2003-11-04,2003
2003-11-04,2003
2003-11-04,2003
2003-11-04,2003
2003-11-04,2003
2003-11-04,2003
2003-11-04,2003
2003-11-04,2003
2003-11-04,2003
2003-11-04,2003
2003-11-04,2003
2003-11-05,2003
2003-11-05,2003
2003-11-05,2003
2003-11-05,2003
2003-11-05,2003
2003-11-05,2003
2003-11-05,2003
2003-11-05,2003
2003-11-05,2003
2003-11-05,2003
2003-11-05,2003
2003-11-05,2003
2003-11-05,2003
2003-11-05,2003
2003-11-05,2003
2003-11-05,2003
2003-11-05,2003
2003-11-05,2003
2003-11-05,2003
2003-11-05,2003
2003-11-05,2003
2003-11-05,2003
2003-11-05,2003
2003-11-05,2003
2003-11-05,2003
2003-11-05,2003
2003-11-05,2003
2003-11-05,2003
2003-11-06,2003
2003-11-06,2003
2003-11-06,2003
2003-11-06,2003
2003-11-06,2003
2003-11-06,2003
2003-11-06,2003
2003-11-06,2003
2003-11-06,2003
2003-11-06,2003
2003-11-06,2003
2003-11-06,2003
2003-11-06,2003
2003-11-06,2003
2003-11-06,2003
2003-11-06,2003
2003-11-06,2003
2003-11-06,2003
2003-11-06,2003
2003-11-06,2003
2003-11-06,2003
2003-11-06,2003
2003-11-06,2003
2003-11-06,2003
2003-11-06,2003
2003-11-06,2003
2003-11-06,2003
2003-11-07,2003
2003-11-07,2003
2003-11-07,2003
2003-11-07,2003
2003-11-07,2003
2003-11-07,2003
2003-11-07,2003
2003-11-07,2003
2003-11-07,2003
2003-11-07,2003
2003-11-07,2003
2003-11-08,2003
2003-11-08,2003
2003-11-08,2003
2003-11-08,2003
2003-11-08,2003
2003-11-08,2003
2003-11-08,2003
2003-11-08,2003
2003-11-08,2003
2003-11-08,2003
2003-11-08,2003
2003-11-08,2003
2003-11-11,2003
2003-11-11,2003
2003-11-11,2003
2003-11-11,2003
2003-11-11,2003
2003-11-11,2003
2003-11-11,2003
2003-11-11,2003
2003-11-11,2003
2003-11-11,2003
2003-11-11,2003
2003-11-11,2003
2003-11-11,2003
2003-11-11,2003
2003-11-11,2003
2003-11-11,2003
2003-11-11,2003
2003-11-11,2003
2003-11-11,2003
2003-11-11,2003
2003-11-11,2003
2003-11-11,2003
2003-11-11,2003
2003-11-12,2003
2003-11-12,2003
2003-11-12,2003
2003-11-12,2003
2003-11-12,2003
2003-11-12,2003
2003-11-12,2003
2003-11-12,2003
2003-11-12,2003
2003-11-12,2003
2003-11-12,2003
2003-11-12,2003
2003-11-12,2003
2003-11-12,2003
2003-11-12,2003
2003-11-12,2003
2003-11-12,2003
2003-11-12,2003
2003-11-12,2003
2003-11-12,2003
2003-11-12,2003
2003-11-12,2003
2003-11-12,2003
2003-11-12,2003
2003-11-12,2003
2003-11-12,2003
2003-11-12,2003
2003-11-12,2003
2003-11-12,2003
2003-11-12,2003
2003-11-12,2003
2003-11-12,2003
2003-11-12,2003
2003-11-12,2003
2003-11-13,2003
2003-11-13,2003
2003-11-13,2003
2003-11-13,2003
2003-11-13,2003
2003-11-13,2003
2003-11-13,2003
2003-11-13,2003
2003-11-13,2003
2003-11-13,2003
2003-11-13,2003
2003-11-13,2003
2003-11-14,2003
2003-11-14,2003
2003-11-14,2003
2003-11-14,2003
2003-11-14,2003
2003-11-14,2003
2003-11-14,2003
2003-11-14,2003
2003-11-14,2003
2003-11-14,2003
2003-11-14,2003
2003-11-14,2003
2003-11-14,2003
2003-11-14,2003
2003-11-14,2003
2003-11-14,2003
2003-11-14,2003
2003-11-14,2003
2003-11-14,2003
2003-11-14,2003
2003-11-14,2003
2003-11-14,2003
2003-11-14,2003
2003-11-14,2003
2003-11-14,2003
2003-11-14,2003
2003-11-14,2003
2003-11-14,2003
2003-11-14,2003
2003-11-14,2003
2003-11-14,2003
2003-11-14,2003
2003-11-14,2003
2003-11-14,2003
2003-11-14,2003
2003-11-14,2003
2003-11-14,2003
2003-11-14,2003
2003-11-15,2003
2003-11-15,2003
2003-11-15,2003
2003-11-15,2003
2003-11-15,2003
2003-11-15,2003
2003-11-15,2003
2003-11-15,2003
2003-11-15,2003
2003-11-15,2003
2003-11-18,2003
2003-11-18,2003
2003-11-18,2003
2003-11-18,2003
2003-11-18,2003
2003-11-18,2003
2003-11-18,2003
2003-11-18,2003
2003-11-18,2003
2003-11-19,2003
2003-11-19,2003
2003-11-19,2003
2003-11-19,2003
2003-11-20,2003
2003-11-20,2003
2003-11-20,2003
2003-11-20,2003
2003-11-20,2003
2003-11-20,2003
2003-11-20,2003
2003-11-20,2003
2003-11-20,2003
2003-11-20,2003
2003-11-20,2003
2003-11-20,2003
2003-11-20,2003
2003-11-20,2003
2003-11-20,2003
2003-11-20,2003
2003-11-20,2003
2003-11-20,2003
2003-11-20,2003
2003-11-20,2003
2003-11-20,2003
2003-11-20,2003
2003-11-20,2003
2003-11-20,2003
2003-11-20,2003
2003-11-21,2003
2003-11-21,2003
2003-11-21,2003
2003-11-21,2003
2003-11-21,2003
2003-11-21,2003
2003-11-21,2003
2003-11-21,2003
2003-11-21,2003
2003-11-21,2003
2003-11-21,2003
2003-11-21,2003
2003-11-21,2003
2003-11-21,2003
2003-11-21,2003
2003-11-21,2003
2003-11-25,2003
2003-11-25,2003
2003-11-25,2003
2003-11-25,2003
2003-11-25,2003
2003-11-25,2003
2003-11-25,2003
2003-11-25,2003
2003-11-25,2003
2003-11-25,2003
2003-11-25,2003
2003-11-25,2003
2003-11-25,2003
2003-11-25,2003
2003-11-25,2003
2003-11-25,2003
2003-11-25,2003
2003-11-25,2003
2003-11-25,2003
2003-11-25,2003
2003-11-25,2003
2003-11-26,2003
2003-11-26,2003
2003-11-26,2003
2003-11-26,2003
2003-11-26,2003
2003-11-26,2003
2003-11-26,2003
2003-11-26,2003
2003-11-26,2003
2003-11-26,2003
2003-11-26,2003
2003-11-26,2003
2003-11-26,2003
2003-11-26,2003
2003-11-26,2003
2003-11-26,2003
2003-11-26,2003
2003-11-26,2003
2003-11-26,2003
2003-11-26,2003
2003-11-26,2003
2003-11-26,2003
2003-11-27,2003
2003-11-27,2003
2003-11-27,2003
2003-11-27,2003
2003-11-27,2003
2003-11-27,2003
2003-12-01,2003
2003-12-01,2003
2003-12-01,2003
2003-12-01,2003
2003-12-01,2003
2003-12-01,2003
2003-12-01,2003
2003-12-01,2003
2003-12-01,2003
2003-12-01,2003
2003-12-01,2003
2003-12-01,2003
2003-12-01,2003
2003-12-01,2003
2003-12-01,2003
2003-12-01,2003
2003-12-02,2003
2003-12-02,2003
2003-12-02,2003
2003-12-02,2003
2003-12-02,2003
2003-12-02,2003
2003-12-02,2003
2003-12-02,2003
2003-12-02,2003
2003-12-02,2003
2003-12-02,2003
2003-12-02,2003
2003-12-02,2003
2003-12-02,2003
2003-12-02,2003
2003-12-02,2003
2003-12-02,2003
2003-12-02,2003
2003-12-02,2003
2003-12-02,2003
2003-12-02,2003
2003-12-02,2003
2003-12-02,2003
2003-12-02,2003
2003-12-02,2003
2003-12-02,2003
2003-12-02,2003
2003-12-02,2003
2003-12-02,2003
2003-12-02,2003
2003-12-02,2003
2003-12-02,2003
2003-12-02,2003
2003-12-02,2003
2003-12-02,2003
2003-12-03,2003
2003-12-03,2003
2003-12-03,2003
2003-12-03,2003
2003-12-03,2003
2003-12-05,2003
2003-12-05,2003
2003-12-05,2003
2003-12-05,2003
2003-12-05,2003
2003-12-05,2003
2003-12-05,2003
2003-12-05,2003
2003-12-05,2003
2003-12-05,2003
2003-12-05,2003
2003-12-09,2003
2003-12-09,2003
2003-12-09,2003
2003-12-09,2003
2003-12-09,2003
2003-12-09,2003
2003-12-09,2003
2003-12-09,2003
2003-12-09,2003
2003-12-09,2003
2003-12-09,2003
2003-12-09,2003
2003-12-09,2003
2003-12-09,2003
2003-12-09,2003
2003-12-09,2003
2004-01-02,2004
2004-01-02,2004
2004-01-02,2004
2004-01-02,2004
2004-01-02,2004
2004-01-02,2004
2004-01-02,2004
2004-01-02,2004
2004-01-02,2004
2004-01-02,2004
2004-01-02,2004
2004-01-02,2004
2004-01-02,2004
2004-01-02,2004
2004-01-02,2004
2004-01-09,2004
2004-01-09,2004
2004-01-09,2004
2004-01-09,2004
2004-01-09,2004
2004-01-09,2004
2004-01-09,2004
2004-01-09,2004
2004-01-12,2004
2004-01-12,2004
2004-01-12,2004
2004-01-12,2004
2004-01-12,2004
2004-01-12,2004
2004-01-12,2004
2004-01-12,2004
2004-01-12,2004
2004-01-12,2004
2004-01-12,2004
2004-01-12,2004
2004-01-12,2004
2004-01-12,2004
2004-01-12,2004
2004-01-12,2004
2004-01-12,2004
2004-01-15,2004
2004-01-15,2004
2004-01-15,2004
2004-01-15,2004
2004-01-15,2004
2004-01-15,2004
2004-01-15,2004
2004-01-15,2004
2004-01-15,2004
2004-01-15,2004
2004-01-15,2004
2004-01-15,2004
2004-01-15,2004
2004-01-15,2004
2004-01-15,2004
2004-01-16,2004
2004-01-16,2004
2004-01-16,2004
2004-01-16,2004
2004-01-16,2004
2004-01-16,2004
2004-01-16,2004
2004-01-16,2004
2004-01-16,2004
2004-01-16,2004
2004-01-16,2004
2004-01-16,2004
2004-01-16,2004
2004-01-16,2004
2004-01-16,2004
2004-01-16,2004
2004-01-22,2004
2004-01-22,2004
2004-01-22,2004
2004-01-26,2004
2004-01-26,2004
2004-01-26,2004
2004-01-26,2004
2004-01-26,2004
2004-01-26,2004
2004-01-26,2004
2004-01-29,2004
2004-01-29,2004
2004-01-29,2004
2004-01-29,2004
2004-01-29,2004
2004-01-29,2004
2004-01-29,2004
2004-01-29,2004
2004-01-29,2004
2004-01-29,2004
2004-02-02,2004
2004-02-04,2004
2004-02-04,2004
2004-02-04,2004
2004-02-04,2004
2004-02-04,2004
2004-02-04,2004
2004-02-04,2004
2004-02-09,2004
2004-02-09,2004
2004-02-10,2004
2004-02-10,2004
2004-02-10,2004
2004-02-10,2004
2004-02-12,2004
2004-02-12,2004
2004-02-12,2004
2004-02-12,2004
2004-02-12,2004
2004-02-12,2004
2004-02-12,2004
2004-02-12,2004
2004-02-12,2004
2004-02-18,2004
2004-02-18,2004
2004-02-18,2004
2004-02-18,2004
2004-02-18,2004
2004-02-19,2004
2004-02-19,2004
2004-02-19,2004
2004-02-19,2004
2004-02-19,2004
2004-02-19,2004
2004-02-19,2004
2004-02-19,2004
2004-02-19,2004
2004-02-19,2004
2004-02-19,2004
2004-02-19,2004
2004-02-19,2004
2004-02-19,2004
2004-02-19,2004
2004-02-19,2004
2004-02-19,2004
2004-02-19,2004
2004-02-20,2004
2004-02-20,2004
2004-02-20,2004
2004-02-20,2004
2004-02-20,2004
2004-02-20,2004
2004-02-20,2004
2004-02-20,2004
2004-02-20,2004
2004-02-20,2004
2004-02-20,2004
2004-02-20,2004
2004-02-20,2004
2004-02-20,2004
2004-02-20,2004
2004-02-21,2004
2004-02-21,2004
2004-02-21,2004
2004-02-21,2004
2004-02-21,2004
2004-02-21,2004
2004-02-22,2004
2004-02-22,2004
2004-02-22,2004
2004-02-22,2004
2004-02-22,2004
2004-02-22,2004
2004-02-22,2004
2004-02-22,2004
2004-02-22,2004
2004-02-22,2004
2004-02-22,2004
2004-02-22,2004
2004-02-22,2004
2004-02-22,2004
2004-02-26,2004
2004-02-26,2004
2004-02-26,2004
2004-02-26,2004
2004-02-26,2004
2004-02-26,2004
2004-02-26,2004
2004-03-02,2004
2004-03-02,2004
2004-03-02,2004
2004-03-02,2004
2004-03-02,2004
2004-03-02,2004
2004-03-02,2004
2004-03-02,2004
2004-03-02,2004
2004-03-02,2004
2004-03-02,2004
2004-03-02,2004
2004-03-02,2004
2004-03-02,2004
2004-03-02,2004
2004-03-10,2004
2004-03-10,2004
2004-03-10,2004
2004-03-10,2004
2004-03-10,2004
2004-03-10,2004
2004-03-11,2004
2004-03-11,2004
2004-03-11,2004
2004-03-11,2004
2004-03-11,2004
2004-03-11,2004
2004-03-11,2004
2004-03-11,2004
2004-03-11,2004
2004-03-11,2004
2004-03-11,2004
2004-03-11,2004
2004-03-11,2004
2004-03-11,2004
2004-03-15,2004
2004-03-15,2004
2004-03-15,2004
2004-03-15,2004
2004-03-15,2004
2004-03-15,2004
2004-03-15,2004
2004-03-15,2004
2004-03-19,2004
2004-03-19,2004
2004-03-20,2004
2004-03-20,2004
2004-03-20,2004
2004-03-20,2004
2004-03-20,2004
2004-03-20,2004
2004-03-20,2004
2004-03-20,2004
2004-03-29,2004
2004-03-29,2004
2004-03-29,2004
2004-03-30,2004
2004-03-30,2004
2004-03-30,2004
2004-03-30,2004
2004-03-30,2004
2004-03-30,2004
2004-03-30,2004
2004-03-30,2004
2004-03-30,2004
2004-04-02,2004
2004-04-02,2004
2004-04-02,2004
2004-04-02,2004
2004-04-02,2004
2004-04-02,2004
2004-04-02,2004
2004-04-02,2004
2004-04-02,2004
2004-04-02,2004
2004-04-02,2004
2004-04-02,2004
2004-04-03,2004
2004-04-03,2004
2004-04-03,2004
2004-04-05,2004
2004-04-05,2004
2004-04-05,2004
2004-04-05,2004
2004-04-05,2004
2004-04-05,2004
2004-04-05,2004
2004-04-05,2004
2004-04-05,2004
2004-04-09,2004
2004-04-09,2004
2004-04-09,2004
2004-04-09,2004
2004-04-09,2004
2004-04-09,2004
2004-04-09,2004
2004-04-09,2004
2004-04-12,2004
2004-04-12,2004
2004-04-12,2004
2004-04-12,2004
2004-04-12,2004
2004-04-13,2004
2004-04-13,2004
2004-04-13,2004
2004-04-13,2004
2004-04-13,2004
2004-04-13,2004
2004-04-13,2004
2004-04-13,2004
2004-04-13,2004
2004-04-13,2004
2004-04-13,2004
2004-04-13,2004
2004-04-13,2004
2004-04-13,2004
2004-04-13,2004
2004-04-20,2004
2004-04-26,2004
2004-04-26,2004
2004-04-29,2004
2004-04-29,2004
2004-04-29,2004
2004-04-29,2004
2004-04-29,2004
2004-04-29,2004
2004-04-29,2004
2004-04-29,2004
2004-04-29,2004
2004-05-04,2004
2004-05-04,2004
2004-05-04,2004
2004-05-04,2004
2004-05-04,2004
2004-05-04,2004
2004-05-04,2004
2004-05-04,2004
2004-05-04,2004
2004-05-05,2004
2004-05-05,2004
2004-05-05,2004
2004-05-05,2004
2004-05-05,2004
2004-05-05,2004
2004-05-05,2004
2004-05-05,2004
2004-05-05,2004
2004-05-05,2004
2004-05-05,2004
2004-05-05,2004
2004-05-05,2004
2004-05-05,2004
2004-05-05,2004
2004-05-05,2004
2004-05-05,2004
2004-05-07,2004
2004-05-07,2004
2004-05-07,2004
2004-05-07,2004
2004-05-07,2004
2004-05-07,2004
2004-05-07,2004
2004-05-07,2004
2004-05-07,2004
2004-05-07,2004
2004-05-07,2004
2004-05-07,2004
2004-05-07,2004
2004-05-07,2004
2004-05-08,2004
2004-05-08,2004
2004-05-08,2004
2004-05-08,2004
2004-05-08,2004
2004-05-11,2004
2004-05-11,2004
2004-05-11,2004
2004-05-11,2004
2004-05-11,2004
2004-05-11,2004
2004-05-11,2004
2004-05-11,2004
2004-05-11,2004
2004-05-11,2004
2004-05-11,2004
2004-05-11,2004
2004-05-11,2004
2004-05-11,2004
2004-05-18,2004
2004-05-18,2004
2004-05-18,2004
2004-05-18,2004
2004-05-18,2004
2004-05-18,2004
2004-05-26,2004
2004-05-26,2004
2004-05-26,2004
2004-05-26,2004
2004-05-26,2004
2004-05-26,2004
2004-05-26,2004
2004-05-26,2004
2004-05-26,2004
2004-06-01,2004
2004-06-01,2004
2004-06-01,2004
2004-06-01,2004
2004-06-01,2004
2004-06-01,2004
2004-06-01,2004
2004-06-01,2004
2004-06-01,2004
2004-06-01,2004
2004-06-01,2004
2004-06-01,2004
2004-06-01,2004
2004-06-01,2004
2004-06-03,2004
2004-06-03,2004
2004-06-03,2004
2004-06-03,2004
2004-06-03,2004
2004-06-03,2004
2004-06-03,2004
2004-06-03,2004
2004-06-03,2004
2004-06-03,2004
2004-06-03,2004
2004-06-03,2004
2004-06-03,2004
2004-06-04,2004
2004-06-04,2004
2004-06-08,2004
2004-06-08,2004
2004-06-14,2004
2004-06-14,2004
2004-06-14,2004
2004-06-14,2004
2004-06-14,2004
2004-06-15,2004
2004-06-15,2004
2004-06-15,2004
2004-06-15,2004
2004-06-15,2004
2004-06-15,2004
2004-06-15,2004
2004-06-15,2004
2004-06-15,2004
2004-06-15,2004
2004-06-15,2004
2004-06-15,2004
2004-06-15,2004
2004-06-15,2004
2004-06-15,2004
2004-06-15,2004
2004-06-15,2004
2004-06-15,2004
2004-06-15,2004
2004-06-16,2004
2004-06-16,2004
2004-06-16,2004
2004-06-16,2004
2004-06-16,2004
2004-06-16,2004
2004-06-16,2004
2004-06-16,2004
2004-06-16,2004
2004-06-16,2004
2004-06-17,2004
2004-06-17,2004
2004-06-17,2004
2004-06-17,2004
2004-06-17,2004
2004-06-17,2004
2004-06-17,2004
2004-06-17,2004
2004-06-17,2004
2004-06-24,2004
2004-06-24,2004
2004-06-24,2004
2004-06-24,2004
2004-06-24,2004
2004-06-24,2004
2004-06-24,2004
2004-06-24,2004
2004-06-24,2004
2004-06-24,2004
2004-06-24,2004
2004-06-24,2004
2004-06-24,2004
2004-06-24,2004
2004-06-24,2004
2004-06-24,2004
2004-06-28,2004
2004-06-28,2004
2004-06-28,2004
2004-06-28,2004
2004-06-28,2004
2004-06-28,2004
2004-06-28,2004
2004-06-28,2004
2004-06-28,2004
2004-06-28,2004
2004-06-28,2004
2004-06-30,2004
2004-06-30,2004
2004-06-30,2004
2004-06-30,2004
2004-06-30,2004
2004-06-30,2004
2004-06-30,2004
2004-07-02,2004
2004-07-02,2004
2004-07-06,2004
2004-07-06,2004
2004-07-06,2004
2004-07-06,2004
2004-07-06,2004
2004-07-06,2004
2004-07-06,2004
2004-07-06,2004
2004-07-06,2004
2004-07-06,2004
2004-07-06,2004
2004-07-06,2004
2004-07-06,2004
2004-07-06,2004
2004-07-06,2004
2004-07-07,2004
2004-07-07,2004
2004-07-07,2004
2004-07-07,2004
2004-07-07,2004
2004-07-07,2004
2004-07-12,2004
2004-07-12,2004
2004-07-12,2004
2004-07-12,2004
2004-07-12,2004
2004-07-12,2004
2004-07-12,2004
2004-07-12,2004
2004-07-12,2004
2004-07-12,2004
2004-07-12,2004
2004-07-16,2004
2004-07-16,2004
2004-07-19,2004
2004-07-19,2004
2004-07-19,2004
2004-07-19,2004
2004-07-19,2004
2004-07-19,2004
2004-07-19,2004
2004-07-19,2004
2004-07-19,2004
2004-07-19,2004
2004-07-19,2004
2004-07-20,2004
2004-07-20,2004
2004-07-20,2004
2004-07-20,2004
2004-07-20,2004
2004-07-20,2004
2004-07-20,2004
2004-07-20,2004
2004-07-20,2004
2004-07-20,2004
2004-07-20,2004
2004-07-20,2004
2004-07-20,2004
2004-07-20,2004
2004-07-20,2004
2004-07-20,2004
2004-07-20,2004
2004-07-21,2004
2004-07-21,2004
2004-07-21,2004
2004-07-21,2004
2004-07-21,2004
2004-07-21,2004
2004-07-21,2004
2004-07-21,2004
2004-07-21,2004
2004-07-21,2004
2004-07-21,2004
2004-07-21,2004
2004-07-21,2004
2004-07-21,2004
2004-07-21,2004
2004-07-21,2004
2004-07-21,2004
2004-07-21,2004
2004-07-21,2004
2004-07-21,2004
2004-07-23,2004
2004-07-23,2004
2004-07-23,2004
2004-07-23,2004
2004-07-23,2004
2004-07-23,2004
2004-07-23,2004
2004-07-23,2004
2004-07-23,2004
2004-07-23,2004
2004-07-23,2004
2004-07-23,2004
2004-07-23,2004
2004-07-23,2004
2004-07-23,2004
2004-07-23,2004
2004-07-23,2004
2004-07-23,2004
2004-08-02,2004
2004-08-02,2004
2004-08-02,2004
2004-08-02,2004
2004-08-02,2004
2004-08-02,2004
2004-08-02,2004
2004-08-02,2004
2004-08-02,2004
2004-08-02,2004
2004-08-02,2004
2004-08-02,2004
2004-08-02,2004
2004-08-02,2004
2004-08-04,2004
2004-08-06,2004
2004-08-06,2004
2004-08-06,2004
2004-08-06,2004
2004-08-06,2004
2004-08-06,2004
2004-08-06,2004
2004-08-06,2004
2004-08-06,2004
2004-08-06,2004
2004-08-09,2004
2004-08-09,2004
2004-08-09,2004
2004-08-09,2004
2004-08-09,2004
2004-08-09,2004
2004-08-17,2004
2004-08-17,2004
2004-08-17,2004
2004-08-17,2004
2004-08-17,2004
2004-08-17,2004
2004-08-17,2004
2004-08-17,2004
2004-08-17,2004
2004-08-17,2004
2004-08-17,2004
2004-08-17,2004
2004-08-17,2004
2004-08-17,2004
2004-08-17,2004
2004-08-17,2004
2004-08-17,2004
2004-08-19,2004
2004-08-19,2004
2004-08-19,2004
2004-08-19,2004
2004-08-19,2004
2004-08-19,2004
2004-08-19,2004
2004-08-19,2004
2004-08-19,2004
2004-08-19,2004
2004-08-19,2004
2004-08-19,2004
2004-08-19,2004
2004-08-19,2004
2004-08-20,2004
2004-08-20,2004
2004-08-20,2004
2004-08-20,2004
2004-08-20,2004
2004-08-20,2004
2004-08-20,2004
2004-08-20,2004
2004-08-20,2004
2004-08-20,2004
2004-08-20,2004
2004-08-20,2004
2004-08-20,2004
2004-08-20,2004
2004-08-20,2004
2004-08-20,2004
2004-08-20,2004
2004-08-20,2004
2004-08-20,2004
2004-08-20,2004
2004-08-20,2004
2004-08-20,2004
2004-08-20,2004
2004-08-20,2004
2004-08-20,2004
2004-08-20,2004
2004-08-20,2004
2004-08-21,2004
2004-08-21,2004
2004-08-21,2004
2004-08-21,2004
2004-08-21,2004
2004-08-21,2004
2004-08-21,2004
2004-08-21,2004
2004-08-21,2004
2004-08-21,2004
2004-08-21,2004
2004-08-21,2004
2004-08-21,2004
2004-08-27,2004
2004-08-27,2004
2004-08-27,2004
2004-08-27,2004
2004-08-27,2004
2004-08-27,2004
2004-08-27,2004
2004-08-27,2004
2004-08-27,2004
2004-08-27,2004
2004-08-27,2004
2004-08-27,2004
2004-08-27,2004
2004-08-28,2004
2004-08-30,2004
2004-08-30,2004
2004-08-30,2004
2004-08-30,2004
2004-08-30,2004
2004-08-30,2004
2004-08-30,2004
2004-08-30,2004
2004-08-30,2004
2004-08-30,2004
2004-08-30,2004
2004-08-30,2004
2004-08-30,2004
2004-08-30,2004
2004-08-30,2004
2004-08-30,2004
2004-08-30,2004
2004-09-01,2004
2004-09-01,2004
2004-09-01,2004
2004-09-01,2004
2004-09-01,2004
2004-09-01,2004
2004-09-01,2004
2004-09-01,2004
2004-09-01,2004
2004-09-01,2004
2004-09-01,2004
2004-09-01,2004
2004-09-01,2004
2004-09-01,2004
2004-09-03,2004
2004-09-03,2004
2004-09-03,2004
2004-09-03,2004
2004-09-07,2004
2004-09-07,2004
2004-09-08,2004
2004-09-08,2004
2004-09-08,2004
2004-09-08,2004
2004-09-08,2004
2004-09-08,2004
2004-09-08,2004
2004-09-08,2004
2004-09-08,2004
2004-09-08,2004
2004-09-08,2004
2004-09-08,2004
2004-09-08,2004
2004-09-08,2004
2004-09-08,2004
2004-09-08,2004
2004-09-08,2004
2004-09-08,2004
2004-09-08,2004
2004-09-08,2004
2004-09-08,2004
2004-09-08,2004
2004-09-08,2004
2004-09-08,2004
2004-09-08,2004
2004-09-08,2004
2004-09-09,2004
2004-09-09,2004
2004-09-09,2004
2004-09-09,2004
2004-09-09,2004
2004-09-09,2004
2004-09-09,2004
2004-09-09,2004
2004-09-09,2004
2004-09-10,2004
2004-09-10,2004
2004-09-10,2004
2004-09-10,2004
2004-09-10,2004
2004-09-10,2004
2004-09-15,2004
2004-09-15,2004
2004-09-15,2004
2004-09-15,2004
2004-09-15,2004
2004-09-15,2004
2004-09-15,2004
2004-09-15,2004
2004-09-15,2004
2004-09-15,2004
2004-09-15,2004
2004-09-15,2004
2004-09-15,2004
2004-09-15,2004
2004-09-16,2004
2004-09-16,2004
2004-09-16,2004
2004-09-16,2004
2004-09-16,2004
2004-09-16,2004
2004-09-16,2004
2004-09-27,2004
2004-09-27,2004
2004-09-30,2004
2004-09-30,2004
2004-09-30,2004
2004-09-30,2004
2004-09-30,2004
2004-09-30,2004
2004-09-30,2004
2004-09-30,2004
2004-09-30,2004
2004-09-30,2004
2004-09-30,2004
2003-10-04,2004
2003-10-04,2004
2003-10-04,2004
2003-10-04,2004
2003-10-04,2004
2003-10-04,2004
2003-10-04,2004
2003-10-04,2004
2003-10-05,2004
2003-10-05,2004
2003-10-05,2004
2003-10-05,2004
2003-10-05,2004
2003-10-05,2004
2003-10-05,2004
2003-10-05,2004
2003-10-05,2004
2003-10-05,2004
2003-10-05,2004
2003-10-06,2004
2003-10-06,2004
2003-10-06,2004
2003-10-06,2004
2003-10-06,2004
2003-10-06,2004
2004-10-06,2004
2004-10-06,2004
2004-10-11,2004
2004-10-11,2004
2004-10-11,2004
2004-10-11,2004
2004-10-11,2004
2004-10-11,2004
2004-10-11,2004
2004-10-11,2004
2004-10-11,2004
2004-10-11,2004
2004-10-11,2004
2004-10-11,2004
2004-10-11,2004
2004-10-11,2004
2004-10-11,2004
2004-10-11,2004
2004-10-11,2004
2004-10-13,2004
2004-10-13,2004
2004-10-13,2004
2004-10-13,2004
2004-10-13,2004
2004-10-13,2004
2004-10-13,2004
2004-10-13,2004
2004-10-13,2004
2004-10-13,2004
2004-10-13,2004
2004-10-13,2004
2004-10-13,2004
2004-10-13,2004
2004-10-14,2004
2004-10-14,2004
2004-10-14,2004
2004-10-14,2004
2004-10-14,2004
2004-10-14,2004
2004-10-14,2004
2004-10-14,2004
2004-10-14,2004
2004-10-14,2004
2004-10-14,2004
2004-10-14,2004
2004-10-14,2004
2004-10-14,2004
2004-10-14,2004
2004-10-14,2004
2004-10-14,2004
2004-10-14,2004
2004-10-14,2004
2004-10-14,2004
2004-10-14,2004
2004-10-14,2004
2004-10-14,2004
2004-10-14,2004
2004-10-14,2004
2004-10-14,2004
2004-10-15,2004
2004-10-15,2004
2004-10-15,2004
2004-10-15,2004
2004-10-15,2004
2004-10-15,2004
2004-10-15,2004
2004-10-15,2004
2004-10-15,2004
2004-10-15,2004
2004-10-15,2004
2004-10-15,2004
2004-10-15,2004
2004-10-15,2004
2004-10-15,2004
2004-10-15,2004
2004-10-15,2004
2004-10-15,2004
2004-10-15,2004
2004-10-15,2004
2004-10-15,2004
2004-10-15,2004
2004-10-16,2004
2004-10-16,2004
2004-10-16,2004
2004-10-16,2004
2004-10-16,2004
2004-10-16,2004
2004-10-16,2004
2004-10-16,2004
2004-10-16,2004
2004-10-16,2004
2004-10-16,2004
2004-10-16,2004
2004-10-16,2004
2004-10-16,2004
2004-10-16,2004
2004-10-16,2004
2004-10-16,2004
2004-10-16,2004
2004-10-16,2004
2004-10-16,2004
2004-10-16,2004
2004-10-16,2004
2004-10-16,2004
2004-10-16,2004
2004-10-16,2004
2004-10-16,2004
2004-10-16,2004
2004-10-16,2004
2004-10-21,2004
2004-10-21,2004
2004-10-21,2004
2004-10-21,2004
2004-10-21,2004
2004-10-21,2004
2004-10-21,2004
2004-10-21,2004
2004-10-21,2004
2004-10-21,2004
2004-10-21,2004
2004-10-21,2004
2004-10-21,2004
2004-10-21,2004
2004-10-21,2004
2004-10-21,2004
2004-10-21,2004
2004-10-22,2004
2004-10-22,2004
2004-10-22,2004
2004-10-22,2004
2004-10-22,2004
2004-10-22,2004
2004-10-22,2004
2004-10-22,2004
2004-10-22,2004
2004-10-22,2004
2004-10-22,2004
2004-10-22,2004
2004-10-22,2004
2004-10-22,2004
2004-10-22,2004
2004-10-22,2004
2004-10-22,2004
2004-10-22,2004
2004-10-22,2004
2004-10-22,2004
2004-10-22,2004
2004-10-22,2004
2004-10-22,2004
2004-10-22,2004
2004-10-22,2004
2004-10-22,2004
2004-10-29,2004
2004-10-29,2004
2004-10-29,2004
2004-10-29,2004
2004-10-29,2004
2004-10-29,2004
2004-10-29,2004
2004-11-01,2004
2004-11-01,2004
2004-11-01,2004
2004-11-01,2004
2004-11-01,2004
2004-11-01,2004
2004-11-01,2004
2004-11-01,2004
2004-11-01,2004
2004-11-01,2004
2004-11-01,2004
2004-11-01,2004
2004-11-01,2004
2004-11-01,2004
2004-11-01,2004
2004-11-01,2004
2004-11-01,2004
2004-11-01,2004
2004-11-02,2004
2004-11-02,2004
2004-11-02,2004
2004-11-02,2004
2004-11-02,2004
2004-11-02,2004
2004-11-02,2004
2004-11-02,2004
2004-11-02,2004
2004-11-02,2004
2004-11-03,2004
2004-11-03,2004
2004-11-03,2004
2004-11-03,2004
2004-11-03,2004
2004-11-03,2004
2004-11-03,2004
2004-11-03,2004
2004-11-03,2004
2004-11-03,2004
2004-11-03,2004
2004-11-03,2004
2004-11-03,2004
2004-11-03,2004
2004-11-04,2004
2004-11-04,2004
2004-11-04,2004
2004-11-04,2004
2004-11-04,2004
2004-11-04,2004
2004-11-04,2004
2004-11-04,2004
2004-11-04,2004
2004-11-04,2004
2004-11-04,2004
2004-11-04,2004
2004-11-04,2004
2004-11-04,2004
2004-11-04,2004
2004-11-04,2004
2004-11-04,2004
2004-11-04,2004
2004-11-04,2004
2004-11-04,2004
2004-11-04,2004
2004-11-04,2004
2004-11-04,2004
2004-11-04,2004
2004-11-04,2004
2004-11-04,2004
2004-11-04,2004
2004-11-04,2004
2004-11-04,2004
2004-11-05,2004
2004-11-05,2004
2004-11-05,2004
2004-11-05,2004
2004-11-05,2004
2004-11-05,2004
2004-11-05,2004
2004-11-05,2004
2004-11-05,2004
2004-11-05,2004
2004-11-05,2004
2004-11-05,2004
2004-11-05,2004
2004-11-05,2004
2004-11-05,2004
2004-11-05,2004
2004-11-05,2004
2004-11-05,2004
2004-11-05,2004
2004-11-05,2004
2004-11-05,2004
2004-11-05,2004
2004-11-05,2004
2004-11-05,2004
2004-11-05,2004
2004-11-09,2004
2004-11-09,2004
2004-11-09,2004
2004-11-09,2004
2004-11-09,2004
2004-11-09,2004
2004-11-10,2004
2004-11-10,2004
2004-11-10,2004
2004-11-10,2004
2004-11-10,2004
2004-11-10,2004
2004-11-10,2004
2004-11-10,2004
2004-11-12,2004
2004-11-12,2004
2004-11-12,2004
2004-11-12,2004
2004-11-12,2004
2004-11-12,2004
2004-11-12,2004
2004-11-12,2004
2004-11-12,2004
2004-11-12,2004
2004-11-12,2004
2004-11-12,2004
2004-11-12,2004
2004-11-12,2004
2004-11-15,2004
2004-11-15,2004
2004-11-15,2004
2004-11-15,2004
2004-11-15,2004
2004-11-15,2004
2004-11-15,2004
2004-11-15,2004
2004-11-15,2004
2004-11-15,2004
2004-11-15,2004
2004-11-15,2004
2004-11-15,2004
2004-11-15,2004
2004-11-15,2004
2004-11-16,2004
2004-11-16,2004
2004-11-16,2004
2004-11-16,2004
2004-11-17,2004
2004-11-17,2004
2004-11-17,2004
2004-11-17,2004
2004-11-17,2004
2004-11-17,2004
2004-11-17,2004
2004-11-17,2004
2004-11-17,2004
2004-11-17,2004
2004-11-17,2004
2004-11-17,2004
2004-11-17,2004
2004-11-17,2004
2004-11-17,2004
2004-11-17,2004
2004-11-17,2004
2004-11-17,2004
2004-11-17,2004
2004-11-17,2004
2004-11-17,2004
2004-11-17,2004
2004-11-17,2004
2004-11-17,2004
2004-11-17,2004
2004-11-17,2004
2004-11-17,2004
2004-11-17,2004
2004-11-17,2004
2004-11-17,2004
2004-11-17,2004
2004-11-17,2004
2004-11-18,2004
2004-11-18,2004
2004-11-18,2004
2004-11-18,2004
2004-11-18,2004
2004-11-18,2004
2004-11-18,2004
2004-11-18,2004
2004-11-19,2004
2004-11-19,2004
2004-11-19,2004
2004-11-19,2004
2004-11-19,2004
2004-11-19,2004
2004-11-19,2004
2004-11-19,2004
2004-11-19,2004
2004-11-20,2004
2004-11-20,2004
2004-11-20,2004
2004-11-20,2004
2004-11-20,2004
2004-11-20,2004
2004-11-20,2004
2004-11-20,2004
2004-11-20,2004
2004-11-20,2004
2004-11-20,2004
2004-11-20,2004
2004-11-21,2004
2004-11-21,2004
2004-11-21,2004
2004-11-21,2004
2004-11-21,2004
2004-11-21,2004
2004-11-21,2004
2004-11-21,2004
2004-11-21,2004
2004-11-22,2004
2004-11-22,2004
2004-11-22,2004
2004-11-23,2004
2004-11-23,2004
2004-11-23,2004
2004-11-23,2004
2004-11-23,2004
2004-11-23,2004
2004-11-23,2004
2004-11-23,2004
2004-11-23,2004
2004-11-23,2004
2004-11-23,2004
2004-11-23,2004
2004-11-23,2004
2004-11-23,2004
2004-11-23,2004
2004-11-23,2004
2004-11-24,2004
2004-11-24,2004
2004-11-24,2004
2004-11-24,2004
2004-11-24,2004
2004-11-24,2004
2004-11-24,2004
2004-11-24,2004
2004-11-24,2004
2004-11-24,2004
2004-11-24,2004
2004-11-24,2004
2004-11-24,2004
2004-11-24,2004
2004-11-24,2004
2004-11-24,2004
2004-11-24,2004
2004-11-24,2004
2004-11-24,2004
2004-11-24,2004
2004-11-24,2004
2004-11-24,2004
2004-11-24,2004
2004-11-24,2004
2004-11-24,2004
2004-11-24,2004
2004-11-24,2004
2004-11-24,2004
2004-11-24,2004
2004-11-24,2004
2004-11-24,2004
2004-11-24,2004
2004-11-24,2004
2004-11-24,2004
2004-11-24,2004
2004-11-25,2004
2004-11-25,2004
2004-11-25,2004
2004-11-25,2004
2004-11-25,2004
2004-11-25,2004
2004-11-25,2004
2004-11-25,2004
2004-11-29,2004
2004-11-29,2004
2004-11-29,2004
2004-11-29,2004
2004-11-29,2004
2004-11-29,2004
2004-11-29,2004
2004-11-29,2004
2004-11-29,2004
2004-11-29,2004
2004-11-29,2004
2004-11-29,2004
2004-11-29,2004
2004-11-29,2004
2004-11-29,2004
2004-11-29,2004
2004-11-29,2004
2004-11-29,2004
2004-11-01,2004
2004-11-01,2004
2004-11-01,2004
2004-11-01,2004
2004-11-01,2004
2004-11-01,2004
2004-11-01,2004
2004-11-01,2004
2004-12-01,2004
2004-12-01,2004
2004-12-01,2004
2004-12-01,2004
2004-12-01,2004
2004-12-01,2004
2004-12-01,2004
2004-12-01,2004
2004-12-01,2004
2004-12-01,2004
2004-12-02,2004
2004-12-02,2004
2004-12-02,2004
2004-12-02,2004
2004-12-02,2004
2004-12-02,2004
2004-12-02,2004
2004-12-02,2004
2004-12-02,2004
2004-12-02,2004
2004-12-02,2004
2004-12-02,2004
2004-12-02,2004
2004-12-02,2004
2004-12-02,2004
2004-12-02,2004
2004-12-02,2004
2004-12-03,2004
2004-12-03,2004
2004-12-03,2004
2004-12-03,2004
2004-12-03,2004
2004-12-03,2004
2004-12-03,2004
2004-12-03,2004
2004-12-03,2004
2004-12-04,2004
2004-12-04,2004
2004-12-04,2004
2004-12-04,2004
2004-12-04,2004
2004-12-04,2004
2004-12-04,2004
2004-12-04,2004
2004-12-04,2004
2004-12-04,2004
2004-12-04,2004
2004-12-04,2004
2004-12-04,2004
2004-12-04,2004
2004-12-04,2004
2004-12-04,2004
2004-12-04,2004
2004-12-04,2004
2004-12-04,2004
2004-12-04,2004
2004-12-04,2004
2004-12-04,2004
2004-12-07,2004
2004-12-07,2004
2004-12-07,2004
2004-12-07,2004
2004-12-07,2004
2004-12-07,2004
2004-12-07,2004
2004-12-07,2004
2004-12-07,2004
2004-12-07,2004
2004-12-09,2004
2004-12-09,2004
2004-12-09,2004
2004-12-09,2004
2004-12-09,2004
2004-12-09,2004
2004-12-09,2004
2004-12-09,2004
2004-12-09,2004
2004-12-10,2004
2004-12-10,2004
2004-12-10,2004
2004-12-10,2004
2004-12-10,2004
2004-12-10,2004
2004-12-10,2004
2004-12-10,2004
2004-12-10,2004
2004-12-10,2004
2004-12-10,2004
2004-12-10,2004
2004-12-10,2004
2004-12-10,2004
2004-12-10,2004
2004-12-10,2004
2004-12-10,2004
2004-12-10,2004
2004-12-10,2004
2004-12-10,2004
2004-12-10,2004
2004-12-10,2004
2004-12-10,2004
2004-12-10,2004
2004-12-15,2004
2004-12-15,2004
2004-12-15,2004
2004-12-15,2004
2004-12-15,2004
2004-12-15,2004
2004-12-15,2004
2004-12-15,2004
2004-12-16,2004
2004-12-16,2004
2004-12-16,2004
2004-12-16,2004
2004-12-16,2004
2004-12-16,2004
2004-12-16,2004
2004-12-16,2004
2004-12-16,2004
2004-12-16,2004
2004-12-16,2004
2004-12-16,2004
2004-12-16,2004
2004-12-16,2004
2004-12-16,2004
2004-12-16,2004
2004-12-16,2004
2004-12-16,2004
2004-12-17,2004
2004-12-17,2004
2004-12-17,2004
2004-12-17,2004
2004-12-17,2004
2004-12-17,2004
2004-12-17,2004
2004-12-17,2004
2004-12-17,2004
2004-12-17,2004
2004-12-17,2004
2004-12-17,2004
2004-12-17,2004
2004-12-17,2004
2005-01-05,2005
2005-01-05,2005
2005-01-05,2005
2005-01-05,2005
2005-01-06,2005
2005-01-06,2005
2005-01-06,2005
2005-01-06,2005
2005-01-06,2005
2005-01-06,2005
2005-01-06,2005
2005-01-06,2005
2005-01-06,2005
2005-01-06,2005
2005-01-06,2005
2005-01-06,2005
2005-01-06,2005
2005-01-06,2005
2005-01-06,2005
2005-01-06,2005
2005-01-07,2005
2005-01-07,2005
2005-01-07,2005
2005-01-10,2005
2005-01-10,2005
2005-01-10,2005
2005-01-12,2005
2005-01-12,2005
2005-01-12,2005
2005-01-12,2005
2005-01-12,2005
2005-01-12,2005
2005-01-12,2005
2005-01-12,2005
2005-01-12,2005
2005-01-12,2005
2005-01-12,2005
2005-01-12,2005
2005-01-12,2005
2005-01-19,2005
2005-01-19,2005
2005-01-19,2005
2005-01-19,2005
2005-01-19,2005
2005-01-20,2005
2005-01-20,2005
2005-01-20,2005
2005-01-20,2005
2005-01-20,2005
2005-01-20,2005
2005-01-20,2005
2005-01-20,2005
2005-01-20,2005
2005-01-20,2005
2005-01-20,2005
2005-01-20,2005
2005-01-20,2005
2005-01-20,2005
2005-01-20,2005
2005-01-20,2005
2005-01-20,2005
2005-01-23,2005
2005-01-23,2005
2005-01-23,2005
2005-01-23,2005
2005-01-23,2005
2005-01-23,2005
2005-01-23,2005
2005-01-23,2005
2005-01-23,2005
2005-01-23,2005
2005-01-23,2005
2005-01-23,2005
2005-01-26,2005
2005-01-26,2005
2005-01-26,2005
2005-01-26,2005
2005-01-26,2005
2005-01-26,2005
2005-01-26,2005
2005-01-26,2005
2005-01-26,2005
2005-01-31,2005
2005-01-31,2005
2005-01-31,2005
2005-01-31,2005
2005-01-31,2005
2005-01-31,2005
2005-01-31,2005
2005-01-31,2005
2005-01-31,2005
2005-01-31,2005
2005-01-31,2005
2005-01-31,2005
2005-01-31,2005
2005-01-31,2005
2005-01-31,2005
2005-01-31,2005
2005-01-31,2005
2005-02-02,2005
2005-02-02,2005
2005-02-02,2005
2005-02-02,2005
2005-02-02,2005
2005-02-02,2005
2005-02-03,2005
2005-02-03,2005
2005-02-03,2005
2005-02-03,2005
2005-02-03,2005
2005-02-03,2005
2005-02-03,2005
2005-02-03,2005
2005-02-03,2005
2005-02-03,2005
2005-02-03,2005
2005-02-03,2005
2005-02-03,2005
2005-02-03,2005
2005-02-03,2005
2005-02-08,2005
2005-02-09,2005
2005-02-09,2005
2005-02-09,2005
2005-02-09,2005
2005-02-09,2005
2005-02-09,2005
2005-02-10,2005
2005-02-10,2005
2005-02-10,2005
2005-02-10,2005
2005-02-10,2005
2005-02-10,2005
2005-02-10,2005
2005-02-10,2005
2005-02-10,2005
2005-02-10,2005
2005-02-10,2005
2005-02-10,2005
2005-02-10,2005
2005-02-10,2005
2005-02-10,2005
2005-02-16,2005
2005-02-16,2005
2005-02-16,2005
2005-02-16,2005
2005-02-16,2005
2005-02-16,2005
2005-02-16,2005
2005-02-16,2005
2005-02-16,2005
2005-02-16,2005
2005-02-16,2005
2005-02-16,2005
2005-02-16,2005
2005-02-17,2005
2005-02-17,2005
2005-02-17,2005
2005-02-17,2005
2005-02-17,2005
2005-02-17,2005
2005-02-17,2005
2005-02-17,2005
2005-02-17,2005
2005-02-17,2005
2005-02-17,2005
2005-02-17,2005
2005-02-17,2005
2005-02-17,2005
2005-02-17,2005
2005-02-17,2005
2005-02-17,2005
2005-02-17,2005
2005-02-17,2005
2005-02-17,2005
2005-02-17,2005
2005-02-17,2005
2005-02-22,2005
2005-02-22,2005
2005-02-22,2005
2005-02-22,2005
2005-02-22,2005
2005-02-22,2005
2005-02-22,2005
2005-02-22,2005
2005-02-22,2005
2005-02-22,2005
2005-02-22,2005
2005-02-22,2005
2005-02-22,2005
2005-02-23,2005
2005-02-23,2005
2005-02-23,2005
2005-02-23,2005
2005-02-28,2005
2005-02-28,2005
2005-03-01,2005
2005-03-01,2005
2005-03-01,2005
2005-03-01,2005
2005-03-01,2005
2005-03-01,2005
2005-03-01,2005
2005-03-01,2005
2005-03-01,2005
2005-03-01,2005
2005-03-01,2005
2005-03-01,2005
2005-03-01,2005
2005-03-01,2005
2005-03-01,2005
2005-03-01,2005
2005-03-01,2005
2005-03-01,2005
2005-03-02,2005
2005-03-03,2005
2005-03-03,2005
2005-03-03,2005
2005-03-03,2005
2005-03-03,2005
2005-03-03,2005
2005-03-03,2005
2005-03-03,2005
2005-03-03,2005
2005-03-03,2005
2005-03-03,2005
2005-03-03,2005
2005-03-03,2005
2005-03-03,2005
2005-03-03,2005
2005-03-03,2005
2005-03-04,2005
2005-03-04,2005
2005-03-04,2005
2005-03-04,2005
2005-03-04,2005
2005-03-04,2005
2005-03-04,2005
2005-03-04,2005
2005-03-04,2005
2005-03-04,2005
2005-03-04,2005
2005-03-04,2005
2005-03-04,2005
2005-03-04,2005
2005-03-04,2005
2005-03-04,2005
2005-03-09,2005
2005-03-09,2005
2005-03-09,2005
2005-03-09,2005
2005-03-09,2005
2005-03-09,2005
2005-03-09,2005
2005-03-09,2005
2005-03-09,2005
2005-03-09,2005
2005-03-10,2005
2005-03-10,2005
2005-03-10,2005
2005-03-11,2005
2005-03-11,2005
2005-03-11,2005
2005-03-11,2005
2005-03-11,2005
2005-03-11,2005
2005-03-11,2005
2005-03-11,2005
2005-03-11,2005
2005-03-11,2005
2005-03-11,2005
2005-03-15,2005
2005-03-15,2005
2005-03-15,2005
2005-03-15,2005
2005-03-15,2005
2005-03-15,2005
2005-03-15,2005
2005-03-17,2005
2005-03-17,2005
2005-03-17,2005
2005-03-17,2005
2005-03-23,2005
2005-03-23,2005
2005-03-23,2005
2005-03-23,2005
2005-03-23,2005
2005-03-23,2005
2005-03-23,2005
2005-03-23,2005
2005-03-28,2005
2005-03-28,2005
2005-03-28,2005
2005-03-28,2005
2005-03-28,2005
2005-03-30,2005
2005-03-30,2005
2005-03-30,2005
2005-03-30,2005
2005-03-30,2005
2005-03-30,2005
2005-03-30,2005
2005-03-30,2005
2005-03-30,2005
2005-03-30,2005
2005-03-30,2005
2005-03-30,2005
2005-03-30,2005
2005-03-30,2005
2005-03-30,2005
2005-03-30,2005
2005-03-30,2005
2005-03-30,2005
2005-04-01,2005
2005-04-01,2005
2005-04-01,2005
2005-04-01,2005
2005-04-01,2005
2005-04-01,2005
2005-04-01,2005
2005-04-01,2005
2005-04-01,2005
2005-04-01,2005
2005-04-01,2005
2005-04-01,2005
2005-04-01,2005
2005-04-01,2005
2005-04-01,2005
2005-04-01,2005
2005-04-01,2005
2005-04-03,2005
2005-04-03,2005
2005-04-03,2005
2005-04-03,2005
2005-04-03,2005
2005-04-03,2005
2005-04-03,2005
2005-04-03,2005
2005-04-03,2005
2005-04-03,2005
2005-04-03,2005
2005-04-03,2005
2005-04-07,2005
2005-04-07,2005
2005-04-07,2005
2005-04-08,2005
2005-04-08,2005
2005-04-08,2005
2005-04-08,2005
2005-04-08,2005
2005-04-08,2005
2005-04-08,2005
2005-04-08,2005
2005-04-08,2005
2005-04-08,2005
2005-04-08,2005
2005-04-08,2005
2005-04-08,2005
2005-04-08,2005
2005-04-08,2005
2005-04-08,2005
2005-04-08,2005
2005-04-14,2005
2005-04-14,2005
2005-04-14,2005
2005-04-14,2005
2005-04-14,2005
2005-04-15,2005
2005-04-15,2005
2005-04-15,2005
2005-04-22,2005
2005-04-22,2005
2005-04-22,2005
2005-04-22,2005
2005-04-22,2005
2005-04-22,2005
2005-04-22,2005
2005-04-22,2005
2005-04-22,2005
2005-04-22,2005
2005-04-22,2005
2005-04-22,2005
2005-04-22,2005
2005-04-23,2005
2005-04-23,2005
2005-04-29,2005
2005-04-29,2005
2005-04-29,2005
2005-04-29,2005
2005-04-29,2005
2005-04-29,2005
2005-04-29,2005
2005-04-29,2005
2005-04-29,2005
2005-05-01,2005
2005-05-01,2005
2005-05-01,2005
2005-05-01,2005
2005-05-01,2005
2005-05-01,2005
2005-05-01,2005
2005-05-01,2005
2005-05-01,2005
2005-05-03,2005
2005-05-03,2005
2005-05-03,2005
2005-05-03,2005
2005-05-03,2005
2005-05-03,2005
2005-05-03,2005
2005-05-03,2005
2005-05-03,2005
2005-05-03,2005
2005-05-03,2005
2005-05-05,2005
2005-05-05,2005
2005-05-05,2005
2005-05-05,2005
2005-05-05,2005
2005-05-05,2005
2005-05-06,2005
2005-05-06,2005
2005-05-06,2005
2005-05-06,2005
2005-05-06,2005
2005-05-06,2005
2005-05-06,2005
2005-05-06,2005
2005-05-06,2005
2005-05-06,2005
2005-05-06,2005
2005-05-06,2005
2005-05-06,2005
2005-05-06,2005
2005-05-09,2005
2005-05-09,2005
2005-05-09,2005
2005-05-09,2005
2005-05-09,2005
2005-05-10,2005
2005-05-10,2005
2005-05-10,2005
2005-05-10,2005
2005-05-10,2005
2005-05-10,2005
2005-05-10,2005
2005-05-10,2005
2005-05-10,2005
2005-05-10,2005
2005-05-10,2005
2005-05-10,2005
2005-05-10,2005
2005-05-10,2005
2005-05-13,2005
2005-05-13,2005
2005-05-13,2005
2005-05-13,2005
2005-05-13,2005
2005-05-13,2005
2005-05-16,2005
2005-05-16,2005
2005-05-16,2005
2005-05-16,2005
2005-05-16,2005
2005-05-16,2005
2005-05-16,2005
2005-05-16,2005
2005-05-16,2005
2005-05-17,2005
2005-05-17,2005
2005-05-17,2005
2005-05-17,2005
2005-05-17,2005
2005-05-17,2005
2005-05-17,2005
2005-05-17,2005
2005-05-17,2005
2005-05-17,2005
2005-05-17,2005
2005-05-17,2005
2005-05-17,2005
2005-05-17,2005
2005-05-29,2005
2005-05-29,2005
2005-05-29,2005
2005-05-29,2005
2005-05-29,2005
2005-05-29,2005
2005-05-29,2005
2005-05-29,2005
2005-05-29,2005
2005-05-29,2005
2005-05-29,2005
2005-05-29,2005
2005-05-29,2005
2005-05-29,2005
2005-05-29,2005
2005-05-30,2005
2005-05-30,2005
2005-05-30,2005
2005-05-30,2005
2005-05-30,2005
2005-05-30,2005
2005-05-30,2005
2005-05-31,2005
2005-05-31,2005
2005-05-31,2005
2005-05-31,2005
2005-05-31,2005
2005-05-31,2005
2005-05-31,2005
2005-05-31,2005
2005-05-31,2005
2005-05-31,2005
2005-05-31,2005
2005-05-31,2005
2005-05-31,2005
2005-05-31,2005
2005-05-31,2005
2005-05-31,2005
2005-05-31,2005
2005-05-31,2005
2005-05-31,2005
